table_id,title,claim,reviewer_role,source_path,supplement_path,status,rows,bytes,sha256,note
Table_S1,ChEMBL release-index summary,C1/C2,R4/R9,results/tables/chembl_release_counts.csv,tables/Table_S1_chembl_release_counts.csv,available,5,569,f294cc298306033286301695a5c9fccd3a57e9a2535945244b98d162369e684d,"Release dates are public observability dates, not model-training dates."
Table_S2,Benchmark exposure summary across audited tasks,C1/C2,R1/R2,results/tables/benchmark_coverage_exposure_summary.csv,tables/Table_S2_benchmark_coverage_exposure_summary.csv,available,4,2019,13653329b27d395f8458539ab3894b65422acdfc25d06ce8d58df1afa4a58bbf,"Exact, scaffold, and NN exposure are reported separately."
Table_S3,Core BBBP/ClinTox exposure-adjusted baseline metrics,C3,R6/R8,results/tables/slice_metrics.csv,tables/Table_S3_slice_metrics.csv,available,16,6373,d11c27003f822a3a8d252644b69f470de2f73eec7231fa75b4de2e81237ac1d6,Milestone baseline metrics for standard and exact-removed slices.
Table_S4,BACE/Tox21 C3 expansion metrics,C3,R6/R8,results/tables/bace_tox21_c3_summary.csv,tables/Table_S4_bace_tox21_c3_summary.csv,available,30,9292,7983f7fab3a988339a137edea124e61d46fb3a4d9a2d0f5f0aa440a4bbf4ff76,Additional real benchmark tasks beyond BBBP/ClinTox.
Table_S5,BACE/Tox21 sequence-family metrics,C3/C5,R6/R8,results/tables/bace_tox21_sequence_summary.csv,tables/Table_S5_bace_tox21_sequence_summary.csv,available,60,12874,fc1d5a40fe9509bf3dd301af94ed88ab19c86a504c9b620d11722c88c7503f38,"SMILES-CNN, SMILES-GRU, and SMILES-Transformer sequence baselines."
Table_S6,Exposure-adjusted CI summary,C3,R2/R6,results/tables/exposure_delta_ci.csv,tables/Table_S6_exposure_delta_ci.csv,available,80,23562,1de3d58ae19550491769248ff4e48476086542655137c20e84c0b164eba5e8ea,Bootstrap/seed-level CI for standard-vs-exposure-aware score deltas.
Table_S7,Sequence-family CI summary,C3,R2/R6,results/tables/sequence_delta_ci.csv,tables/Table_S7_sequence_delta_ci.csv,available,24,7496,92c0db0896374c29f88ea4d6375cb78f603625babe3f18e4079e42dec33c4005,CI table behind Fig. 5 and supplement sequence-delta claims.
Table_S8,ESOL/Lipophilicity regression CI summary,C3,R8,results/tables/regression_delta_ci.csv,tables/Table_S8_regression_delta_ci.csv,available,24,6629,c0de2c6d500c786af85e9590f59babe01fccf5db5876d6688400198f2a2ae021,Regression robustness; Lipophilicity limitations remain explicit.
Table_S9,Endpoint-native ChEMBL temporal metrics,C3/C4,R4/R8/R10,results/tables/chembl_endpoint_temporal_summary.csv,tables/Table_S9_chembl_endpoint_temporal_summary.csv,available,108,43743,b3611bfe570902080499b6948ff06afa6ac77dea6b21ccdbc981e6b2515d4f4b,hERG/CYP temporal-validity sequence metrics with expected limitations.
Table_S10,Endpoint SMILES-Transformer add-on metrics,C3,R6/R8,results/tables/chembl_endpoint_transformer_summary.csv,tables/Table_S10_chembl_endpoint_transformer_summary.csv,available,42,21659,ced1a2935cad11e4bbb9872e8610b321286128578c1adf433f6600beab13fee0,Transformer sequence add-on for endpoint-native tasks.
Table_S11,Train-label-shuffle null-control comparisons,C3,R2/R6,results/tables/label_shuffle_null_control_comparison.csv,tables/Table_S11_label_shuffle_null_control_comparison.csv,available,22,5308,c668fce1d7a564dd76eb308d1c78afa282a15b121fe3a9f59ac0e06d041b5125,Negative control for exposure-adjusted deltas; not causal evidence.
Table_S12,CYP label-shuffle rescue null summary,C3,R2/R6/R8,results/tables/cyp_extension_label_shuffle_null_summary.csv,tables/Table_S12_cyp_extension_label_shuffle_null_summary.csv,available,3,961,378c3173e7d4ad06ee395c5c0448c28d101988073b58f0711ad5e2204b19140c,CYP2C19 observed-vs-shuffled temporal-delta rescue snapshot.
Table_S13,Frozen MolFormer embedding summary,C3,R5/R7,generated by scripts/make_bib_supplement_package.py,tables/Table_S13_fm_embedding_summary.csv,available,57,17513,80ce23b5dc5a1740aac660229568ece2edbcbc5397559d6e87f54db29850b6e8,Sanitized supplement-only MolFormer wrapper summary; local run paths removed.
Table_S14,Frozen ChemBERTa-100M embedding summary,C3,R5/R7,generated by scripts/make_bib_supplement_package.py,tables/Table_S14_chemberta_100m_fm_summary.csv,available,30,9150,484bac6e644227789dc55067dac3701a94335b12452ec2f432b13688885296de,Sanitized supplement-only ChemBERTa-100M wrapper summary; local run paths removed.
Table_S15,Assay-provenance task summary with DILI/hepatotoxicity,C4,R10,results/tables/assay_provenance_task_summary_with_dili.csv,tables/Table_S15_assay_provenance_task_summary_with_dili.csv,available,6,1040,2d1f14d149008af974d6fb9d10c85a81d09d8098f689c522d376de15d9514502,Compact source table for assay conflict map.
Table_S16,CYP1A2/CYP2C19 assay-provenance summary,C4,R10,results/tables/cyp_endpoint_extension_assay_provenance_summary.csv,tables/Table_S16_cyp_endpoint_extension_assay_provenance_summary.csv,available,2,429,eef5f748f86df0ceb815d7bbc3bb2e28590736158a80c9215a80d7fe3b482e80,Endpoint-native CYP provenance evidence.
Table_S17,DILI/hepatotoxicity split and provenance boundary,C4,R8/R10,results/tables/dili_hepatotoxicity_split_summary.csv,tables/Table_S17_dili_hepatotoxicity_split_summary.csv,available,6,701,16de112cbfedafd20c887c740f84c625a0c0170c177bf3f05b084abfc3ebe088,Shows evaluable standard/scaffold splits and one-class exposure-removed slice limits.
Table_S18,DILI/hepatotoxicity sequence summary,C3/C4,R8/R10,results/tables/dili_hepatotoxicity_sequence_summary.csv,tables/Table_S18_dili_hepatotoxicity_sequence_summary.csv,available,12,5207,36ff8bb84520fe5c8184f257313a6d1527d4854c2b8401b322d93ca07f67371c,Sequence baseline summary for the DILI/hepatotoxicity extension.
Table_S19,Model pretraining registry,C5,R5,results/tables/model_pretraining_registry.csv,tables/Table_S19_model_pretraining_registry.csv,available,12,1392,b02599861664555f68dae7c8f1b0884438975bb832207173cfc8cc7b7a836a12,Separates model-corpus metadata from observable public exposure.
Table_S20,Current reviewer controls and reporting checklist,C5,R1-R10,generated by scripts/make_bib_supplement_package.py,tables/Table_S20_required_controls.csv,available,10,1844,f2ec4b8b91953d61af44275724a98f9ca1364725b7ac72ec5c61cfb783e68a71,Current reviewer-risk controls regenerated from the BIB hardening status.
Table_S21,Trust-card example source data,C5,R6,results/tables/trust_card_examples.csv,tables/Table_S21_trust_card_examples.csv,available,4,818,a203d770303c460483aafd8023b4aba0e26c303f65d2e826082ab654d94f7c23,Source table for trust-card examples.
Table_S22,Workflow artifact map,C5,R6,results/tables/workflow_artifact_map.csv,tables/Table_S22_workflow_artifact_map.csv,available,7,718,16962535a8698651a75c57f7c77fc17ddddec7a4055d056f34faf88b81a75ec9,Links workflow stages to auditable outputs.
Table_S23,Expected limitation and critical-failure accounting,C3/C5,R8,derived from expected-limitation and critical-failure tables,tables/Table_S23_expected_limitations_summary.csv,available,6,1485,adacd18c1bc5475abeb5f4c45b383bc67a77d2aad93d0162e58a2a953125ca30,Separates expected exposure-removed slice limits from critical failures.
Table_S24,Slice-validity master table,C3,R8,generated by scripts/make_bib_supplement_package.py,tables/Table_S24_slice_validity_master.csv,available,12626,5014358,f9f4cfbc54c7101943de8efa6dc3bc843e734a8fa515d1c7bd3a4e265f3964bc,"Sample sizes, class balance, metric validity, CI availability, and reason codes."
Table_S25,Standardization audit summary,C1/C2,R9,generated by scripts/make_bib_supplement_package.py,tables/Table_S25_standardization_audit.csv,available,10,2988,dbce392000e1bceb03353264d6200af52e3175c1d822b606ae5f9ddf95b64ae9,Raw-to-standardized accounting and molecule-standardization policy notes.
Table_S26,Assay-provenance flag dictionary,C4,R10,generated by scripts/make_bib_supplement_package.py,tables/Table_S26_assay_flag_dictionary.csv,available,6,2296,e6155504fbd92063cb85639bdc9e8648d9d1e08aebd57c8bf81c4c89cb0f106c,Definitions and denominators for assay-provenance heterogeneity flags.
Table_S27,Assay-provenance example rows,C4,R10,generated by scripts/make_bib_supplement_package.py,tables/Table_S27_assay_provenance_examples.csv,available,22,7530,990ce3f3fcef5a248de659cabba6c9aa3b9ba7d72d18fb5f4789f5b90d5fd0ec,Compact examples showing how provenance flags are derived from records.
Table_S28,Machine-readable trust-card schema,C5,R6,generated by scripts/make_bib_supplement_package.py,tables/Table_S28_trust_card_schema.csv,available,11,1168,b19fd3fb262269b27f478c27458076524f48dfbdae9b536efde67a53a561474e,"Trust-card fields, required status, types, and JSON schema/examples. JSON schema/examples: trust_cards/trust_card_schema.json."
Table_S29,Figure source-data map,C5,R6,generated by scripts/make_bib_supplement_package.py,tables/Table_S29_figure_source_data_map.csv,available,9,1828,a8b82116fd9f788f6b4bed65b9a544b82b2549e34c5b8f1a8329fd3e56c7ce7f,Source-data table for each main figure and key supplement figure.
